{"learner":{"attributes":{"best_iteration":"3","best_ntree_limit":"4"},"feature_names":[],"feature_types":[],"gradient_booster":{"model":{"gbtree_model_param":{"num_parallel_tree":"1","num_trees":"16","size_leaf_vector":"0"},"tree_info":[0,1,2,3,0,1,2,3,0,1,2,3,0,1,2,3],"trees":[{"base_weights":[6.557377E-3,-0E0,1.1764706E-1,-7.2727273E-3,5.882353E-2,2.57754E-2,5.882353E-2],"categories":[],"categories_nodes":[],"categories_segments":[],"categories_sizes":[],"default_left":[1,1,0,0,1,0,0],"id":0,"left_children":[1,3,-1,-1,5,-1,-1],"loss_changes":[2.7772421E-2,1.8686695E-2,0E0,0E0,5.2053142E-2,0E0,0E0],"parents":[2147483647,0,0,1,1,4,4],"right_children":[2,4,-1,-1,6,-1,-1],"split_conditions":[8.15E1,8.4915E1,3.529412E-2,-2.1818182E-3,7.675E1,7.7326205E-3,1.764706E-2],"split_indices":[3,2,0,0,1,0,0],"split_type":[0,0,0,0,0,0,0],"sum_hessian":[3.7125E1,3.6E1,1.125E0,3.3375E1,2.625E0,1.125E0,1.5E0],"tree_param":{"num_deleted":"0","num_feature":"7","num_nodes":"7","size_leaf_vector":"0"}},{"base_weights":[8.196721E-1,3.3663365E-1,1.018868E0,-4E-1,4.7191012E-1,7.2E-1,1.3263158E0,1.5384616E-1,6.777508E-1,1.0231578E0,1.5180722E0,3.5955057E-2,4.157985E-1,3.5955057E-2,1.1764706E-1],"categories":[],"categories_nodes":[],"categories_segments":[],"categories_sizes":[],"default_left":[1,1,1,0,1,0,1,1,0,0,0,1,0,0,0],"id":1,"left_children":[1,3,5,-1,7,-1,9,11,-1,-1,-1,13,-1,-1,-1],"loss_changes":[3.3253727E0,1.446835E0,1.4800377E0,0E0,1.2994015E0,0E0,4.0303612E-1,1.2241914E0,0E0,0E0,0E0,1.2888603E-2,0E0,0E0,0E0],"parents":[2147483647,0,0,1,1,2,2,4,4,6,6,7,7,11,11],"right_children":[2,4,6,-1,8,-1,10,12,-1,-1,-1,14,-1,-1,-1],"split_conditions":[5E-1,6.05E1,5E-1,-1.20000005E-1,7.325E1,2.1600002E-1,6.4E1,5E-1,2.0332526E-1,3.0694735E-1,4.554217E-1,7.97E1,1.2473955E-1,1.07865175E-2,3.529412E-2],"split_indices":[0,3,4,0,2,0,1,4,0,0,0,1,0,0,0],"split_type":[0,0,0,0,0,0,0,0,0,0,0,0,0,0,0],"sum_hessian":[3.7125E1,1.1625E1,2.55E1,1.5E0,1.0125E1,1.4625E1,1.0875E1,7.125E0,3E0,1.5E0,9.375E0,3.75E0,3.375E0,2.625E0,1.125E0],"tree_param":{"num_deleted":"0","num_feature":"7","num_nodes":"15","size_leaf_vector":"0"}},{"base_weights":[-3.6065573E-1,-5.5837566E-1,-0E0,-6.3583815E-1,-2.7918783E-1,-2.7918783E-1,3.3766234E-1,2.9237255E-2,5.6E-1,2.9237255E-2,2.9461864E-1,2.9461864E-1,7.692308E-1,2.9461864E-1,5.319247E-1,5.319247E-1,1.0588236E0],"categories":[],"categories_nodes":[],"categories_segments":[],"categories_sizes":[],"default_left":[1,1,1,0,0,0,1,1,1,0,0,1,1,0,0,0,0],"id":2,"left_children":[1,3,5,-1,-1,-1,7,9,11,-1,-1,13,15,-1,-1,-1,-1],"loss_changes":[2.718648E0,7.5332737E-1,2.4541917E0,0E0,0E0,0E0,8.44239E-1,4.7996476E-1,2.0511365E-1,0E0,0E0,8.96596E-2,1.2398255E-1,0E0,0E0,0E0,0E0],"parents":[2147483647,0,0,1,1,2,2,6,6,7,7,8,8,11,11,12,12],"right_children":[2,4,6,-1,-1,-1,8,10,12,-1,-1,14,16,-1,-1,-1,-1],"split_conditions":[7.29E1,8.185E1,7.4175E1,-1.9075145E-1,-8.375635E-2,-8.375635E-2,7.25E1,8.867E1,5E-1,8.771177E-3,8.83856E-2,8.3E1,7.55E1,8.83856E-2,1.5957743E-1,1.5957743E-1,3.176471E-1],"split_indices":[2,1,5,0,0,0,3,5,4,0,0,1,1,0,0,0,0],"split_type":[0,0,0,0,0,0,0,0,0,0,0,0,0,0,0,0,0],"sum_hessian":[3.7125E1,2.3625E1,1.35E1,2.0625E1,3E0,4.875E0,8.625E0,3.375E0,5.25E0,2.25E0,1.125E0,3E0,2.25E0,1.875E0,1.125E0,1.125E0,1.125E0],"tree_param":{"num_deleted":"0","num_feature":"7","num_nodes":"17","size_leaf_vector":"0"}},{"base_weights":[-4.6557376E-1,-5.873606E-1,3.6363637E-1,-6.431718E-1,-2.4E-1,-1.1186212E-1,9.5652175E-1,-4.415859E-1,-1.1186212E-1,-1.1186212E-1,1.1764706E-1,-2.76724E-1,-1.1186212E-1],"categories":[],"categories_nodes":[],"categories_segments":[],"categories_sizes":[],"default_left":[1,1,1,0,1,1,0,0,1,0,0,0,0],"id":3,"left_children":[1,3,5,-1,7,9,-1,-1,11,-1,-1,-1,-1],"loss_changes":[4.063711E0,4.9751377E-1,2.025595E0,0E0,4.7382143E-1,9.94201E-2,0E0,0E0,9.864575E-2,0E0,0E0,0E0,0E0],"parents":[2147483647,0,0,1,1,2,2,4,4,5,5,8,8],"right_children":[2,4,6,-1,8,10,-1,-1,12,-1,-1,-1,-1],"split_conditions":[7.755E1,6.691E1,7.77E1,-1.9295155E-1,5E-1,5E-1,2.8695655E-1,-1.3247578E-1,6.9E1,-3.3558637E-2,3.529412E-2,-8.301721E-2,-3.3558637E-2],"split_indices":[3,6,2,0,0,0,0,0,3,0,0,0,0],"split_type":[0,0,0,0,0,0,0,0,0,0,0,0,0],"sum_hessian":[3.7125E1,3.2625E1,4.5E0,2.7375E1,5.25E0,2.625E0,1.875E0,3E0,2.25E0,1.5E0,1.125E0,1.125E0,1.125E0],"tree_param":{"num_deleted":"0","num_feature":"7","num_nodes":"13","size_leaf_vector":"0"}},{"base_weights":[1.5229652E-2,7.697298E-3,1.4082114E-1,-4.3739312E-4,7.425922E-2,-1.4673218E-2,6.848071E-4,3.6910914E-2,7.425922E-2,-6.9942055E-3,1.8913202E-2,-6.9942055E-3,5.959498E-3,5.959498E-3,1.9546034E-2,-5.1735365E-4,5.959498E-3],"categories":[],"categories_nodes":[],"categories_segments":[],"categories_sizes":[],"default_left":[1,1,0,1,1,0,1,0,0,1,1,0,1,0,0,0,0],"id":4,"left_children":[1,3,-1,5,7,-1,9,-1,-1,11,13,-1,15,-1,-1,-1,-1],"loss_changes":[3.4620866E-2,2.2286013E-2,0E0,5.5475783E-4,5.384361E-2,0E0,1.7356047E-2,0E0,0E0,6.4070835E-3,1.7337129E-4,0E0,1.6700802E-4,0E0,0E0,0E0,0E0],"parents":[2147483647,0,0,1,1,3,3,4,4,6,6,9,9,10,10,12,12],"right_children":[2,4,-1,6,8,-1,10,-1,-1,12,14,-1,16,-1,-1,-1,-1],"split_conditions":[8.15E1,8.4915E1,4.2246345E-2,5.379E1,7.675E1,-4.4019655E-3,6.05E1,1.1073275E-2,2.2277767E-2,5.4085E1,5.5835E1,-2.0982618E-3,5.933E1,1.7878496E-3,5.8638104E-3,-1.552061E-4,1.7878496E-3],"split_indices":[3,2,0,5,1,0,2,0,0,6,5,0,2,0,0,0,0],"split_type":[0,0,0,0,0,0,0,0,0,0,0,0,0,0,0,0,0],"sum_hessian":[3.674293E1,3.56652E1,1.077733E0,3.309667E1,2.5685308E0,1.5360093E0,3.156066E1,1.0505154E0,1.5180153E0,3.768709E0,2.779195E1,1.144315E0,2.624394E0,1.4880679E0,2.6303883E1,1.5066335E0,1.1177604E0],"tree_param":{"num_deleted":"0","num_feature":"7","num_nodes":"17","size_leaf_vector":"0"}},{"base_weights":[5.7364243E-1,2.539573E-1,6.9332486E-1,-3.962973E-1,3.6820966E-1,4.736411E-1,8.096329E-1,-1.4043823E-2,4.736411E-1,4.736411E-1,6.4163697E-1,6.4163697E-1,1.0202136E0,-1.4043823E-2,2.2979864E-1,2.2979864E-1,4.736411E-1,1.0787741E-1,2.2979864E-1],"categories":[],"categories_nodes":[],"categories_segments":[],"categories_sizes":[],"default_left":[1,1,1,0,1,1,1,1,1,0,0,0,0,0,1,0,0,0,0],"id":5,"left_children":[1,3,5,-1,7,9,11,13,15,-1,-1,-1,-1,-1,17,-1,-1,-1,-1],"loss_changes":[1.4843836E0,1.1414219E0,1.0824747E0,0E0,9.827393E-1,1.0028684E-1,6.180115E-1,4.4021767E-1,2.0458698E-2,0E0,0E0,0E0,0E0,0E0,1.3660192E-3,0E0,0E0,0E0,0E0],"parents":[2147483647,0,0,1,1,2,2,4,4,5,5,6,6,7,7,8,8,14,14],"right_children":[2,4,6,-1,8,10,12,14,16,-1,-1,-1,-1,-1,18,-1,-1,-1,-1],"split_conditions":[5E-1,6.05E1,5.565E1,-1.188892E-1,7.3479996E1,6.4E1,5E-1,6.945E1,6.46E1,1.4209233E-1,1.924911E-1,1.924911E-1,3.060641E-1,-4.213147E-3,7.195E1,6.89396E-2,1.4209233E-1,3.2363225E-2,6.89396E-2],"split_indices":[0,3,6,0,1,1,4,3,2,0,0,0,0,0,2,0,0,0,0],"split_type":[0,0,0,0,0,0,0,0,0,0,0,0,0,0,0,0,0,0,0],"sum_hessian":[4.239853E1,1.239964E1,2.9998888E1,1.4841503E0,1.091549E1,6.170888E0,2.3828E1,4.4630146E0,6.4524755E0,3.5173843E0,2.653504E0,1.275419E1,1.107381E1,2.0095549E0,2.4534597E0,2.0416424E0,4.410833E0,1.216102E0,1.2373576E0],"tree_param":{"num_deleted":"0","num_feature":"7","num_nodes":"19","size_leaf_vector":"0"}},{"base_weights":[-3.1778106E-1,-6.0096323E-1,-5.5636115E-2,-3.2829967E-1,2.6769266E-1,-3.2829967E-1,-3.0303508E-2,-3.0303508E-2,4.024877E-1,-9.280161E-2,-3.0303508E-2,2.240668E-1,6.00517E-1,-1.7930159E-1,-6.1552558E-2,1.860921E-1,3.191689E-1,2.526305E-1,4.1229188E-1],"categories":[],"categories_nodes":[],"categories_segments":[],"categories_sizes":[],"default_left":[1,0,1,1,1,0,1,0,1,1,0,1,0,0,0,0,1,0,0],"id":6,"left_children":[1,-1,3,5,7,-1,9,-1,11,13,-1,15,-1,-1,-1,-1,17,-1,-1],"loss_changes":[2.5924342E0,0E0,2.1113873E0,3.6990297E-1,7.649393E-1,0E0,1.0835302E-2,0E0,1.828264E-1,8.707884E-2,0E0,4.009691E-2,0E0,0E0,0E0,0E0,8.431876E-2,0E0,0E0],"parents":[2147483647,0,0,2,2,3,3,4,4,6,6,8,8,9,9,11,11,16,16],"right_children":[2,-1,4,6,8,-1,10,-1,12,14,-1,16,-1,-1,-1,-1,18,-1,-1],